{
    "algorithm_type": "classifier",
    "class_names": [
        "ambulance",
        "babycry",
        "Normal"
    ],
    "commit": "30000d41",
    "compilation_date": "2024-01-24T07:58:40.472870",
    "compilation_flags": {
        "float_abi": "soft",
        "fshort_enums": false,
        "short_wchar": false
    },
    "compilation_str": "{'compilation_dict':{'request_type':'library','api':{'env':'PROD','version':'v3'},'version':{'web_api':{'env':'PROD','version':'v3'},'local_api':{'version':'2024.01.11.0','platform':'win64'},'studio':'4.3.1'},'compilation_flags':{},'mcu':'cortex-m4_st_stm32f4_nucleo-f411re','sensor':'multiGeneric','request_origin':'manual','algorithm_type':'classifier','lib_version':'v2_30000d4','info':{'progression':{'evals_done':2015,'optimization_progress':0.01259375,'elapsed_time':59,'cpu_info':{'cpu_nb_cores':8,'cpu_nb_cores_for_optimization':6},'state':'stopped'},'max_ram':32000,'max_flash':null,'optimization_global_id':'9a9fd584a45a79cfc79fa0cf00762f59'},'class_names':'ambulance,babycry,Normal','results':[{'result_id':8,'combination':[0.0001,1,1,[24,25,20,14,18,16,10,2,9,7,12,19,17,5,0,8,6,3,15,22,23,26,1,13,4,11,21],27,0,45,256,2,0,3,1,3,0,0.0,0.0,1000000.0,0,0,0,0,0.0001,0],'performance':{'performance':{'score':0.9142,'precision':0.9667,'precision_confidence_interval':[0.7334,1.0]},'memory_usage':{'estimated_ram':2275,'estimated_flash':224,'estimated_flash_knowledge':null}},'learning_min_lines':null}],'data':{'nb_cols':256,'nb_lines':[[{'file_type':'class','nb_lines':22},{'file_type':'class','nb_lines':21},{'file_type':'class','nb_lines':21}]]},'only_emulators':true,'lock_type':100},'sign':45602,'license_key':'***'}",
    "compile_emulators": true,
    "compile_library": false,
    "data": {
        "nb_cols": 256,
        "nb_lines": [
            [
                {
                    "file_type": "class",
                    "nb_lines": 22
                },
                {
                    "file_type": "class",
                    "nb_lines": 21
                },
                {
                    "file_type": "class",
                    "nb_lines": 21
                }
            ]
        ]
    },
    "gcc_version": "arm-none-eabi-gcc (Arm GNU Toolchain 13.2.rel1 (Build arm-13.7)) 13.2.1 20231009",
    "learning_min_lines": null,
    "lib_limited": false,
    "library_id": "65b0c331202bf4f2624d206e",
    "library_md5sum": null,
    "mcu": "cortex-m4_st_stm32f4_nucleo-f411re",
    "mcu_cpn": "NUCLEO-F411RE",
    "mcu_family": "STM32F4",
    "mcu_type": "cortex-m4",
    "mcu_vendor": "STMicroelectronics",
    "optimization_info": {
        "max_flash": null,
        "max_ram": 32000,
        "optimization_global_id": "9a9fd584a45a79cfc79fa0cf00762f59",
        "progression": {
            "cpu_info": {
                "cpu_nb_cores": 8,
                "cpu_nb_cores_for_optimization": 6
            },
            "elapsed_time": 59,
            "evals_done": 2015,
            "optimization_progress": 0.01259375,
            "state": "stopped"
        }
    },
    "performance": {
        "memory_usage": {
            "estimated_flash": 224,
            "estimated_flash_knowledge": null,
            "estimated_ram": 2275
        },
        "performance": {
            "precision": 0.9667,
            "precision_confidence_interval": [
                0.7334,
                1.0
            ],
            "score": 0.9142
        }
    },
    "request_type": "library",
    "sensor": "multiGeneric",
    "studio_info": {
        "local_api": {
            "platform": "win64",
            "version": "2024.01.11.0"
        },
        "studio": "4.3.1",
        "web_api": {
            "env": "PROD",
            "version": "v3"
        }
    },
    "user_info": {
        "company": "Gcek",
        "email": "hemantkrishnan4@gmail.com",
        "first_name": "Hemant",
        "last_name": "Krishnan"
    }
}