{
    "algorithm_type": "classifier",
    "class_names": [
        "ak47-firing",
        "gun-battle-ahead",
        "9mm-pistol-shoot",
        "shotgun-shoot",
        "machine-gun",
        "Normal_Condition"
    ],
    "commit": "30000d41",
    "compilation_date": "2024-01-25T07:32:50.171651",
    "compilation_flags": {
        "float_abi": "soft",
        "fshort_enums": false,
        "short_wchar": false
    },
    "compilation_str": "{'compilation_dict':{'request_type':'library','api':{'env':'PROD','version':'v3'},'version':{'web_api':{'env':'PROD','version':'v3'},'local_api':{'version':'2024.01.11.0','platform':'win64'},'studio':'4.3.1'},'compilation_flags':{},'mcu':'cortex-m4_st_stm32f4_nucleo-f411re','sensor':'sound','request_origin':'manual','algorithm_type':'classifier','lib_version':'v2_30000d4','info':{'progression':{'evals_done':160000,'optimization_progress':1.0,'elapsed_time':1896,'cpu_info':{'cpu_nb_cores':8,'cpu_nb_cores_for_optimization':6},'state':'finished'},'max_ram':32000,'max_flash':null,'optimization_global_id':'d1e8c4f4616f9f2e9970c35a3bc8b2a1'},'class_names':'ak47-firing,gun-battle-ahead,9mm-pistol-shoot,shotgun-shoot,machine-gun,Normal_Condition','results':[{'result_id':88,'combination':[0,1,[15,14,16,7,25,24,2,10,11,3,4,18,23,9,22,19,5,8,20,13,26,12,0,21,1,6,17],27,0,60,256,7,0,4,5,0,5,3,1,6,0,2,0.0,0.0,1000000.0,0,0,0,0,0],'performance':{'performance':{'score':0.5486,'precision':0.5973,'precision_confidence_interval':[0.4023,0.7782]},'memory_usage':{'estimated_ram':2296,'estimated_flash':2188,'estimated_flash_knowledge':null}},'learning_min_lines':null}],'data':{'nb_cols':256,'nb_lines':[[{'file_type':'class','nb_lines':24},{'file_type':'class','nb_lines':23},{'file_type':'class','nb_lines':23},{'file_type':'class','nb_lines':34},{'file_type':'class','nb_lines':21},{'file_type':'class','nb_lines':23}]]},'only_emulators':true,'lock_type':100},'sign':51725,'license_key':'***'}",
    "compile_emulators": true,
    "compile_library": false,
    "data": {
        "nb_cols": 256,
        "nb_lines": [
            [
                {
                    "file_type": "class",
                    "nb_lines": 24
                },
                {
                    "file_type": "class",
                    "nb_lines": 23
                },
                {
                    "file_type": "class",
                    "nb_lines": 23
                },
                {
                    "file_type": "class",
                    "nb_lines": 34
                },
                {
                    "file_type": "class",
                    "nb_lines": 21
                },
                {
                    "file_type": "class",
                    "nb_lines": 23
                }
            ]
        ]
    },
    "gcc_version": "arm-none-eabi-gcc (Arm GNU Toolchain 13.2.rel1 (Build arm-13.7)) 13.2.1 20231009",
    "learning_min_lines": null,
    "lib_limited": false,
    "library_id": "65b20ea3202bf4f2624d344b",
    "library_md5sum": null,
    "mcu": "cortex-m4_st_stm32f4_nucleo-f411re",
    "mcu_cpn": "NUCLEO-F411RE",
    "mcu_family": "STM32F4",
    "mcu_type": "cortex-m4",
    "mcu_vendor": "STMicroelectronics",
    "optimization_info": {
        "max_flash": null,
        "max_ram": 32000,
        "optimization_global_id": "d1e8c4f4616f9f2e9970c35a3bc8b2a1",
        "progression": {
            "cpu_info": {
                "cpu_nb_cores": 8,
                "cpu_nb_cores_for_optimization": 6
            },
            "elapsed_time": 1896,
            "evals_done": 160000,
            "optimization_progress": 1.0,
            "state": "finished"
        }
    },
    "performance": {
        "memory_usage": {
            "estimated_flash": 2188,
            "estimated_flash_knowledge": null,
            "estimated_ram": 2296
        },
        "performance": {
            "precision": 0.5973,
            "precision_confidence_interval": [
                0.4023,
                0.7782
            ],
            "score": 0.5486
        }
    },
    "request_type": "library",
    "sensor": "sound",
    "studio_info": {
        "local_api": {
            "platform": "win64",
            "version": "2024.01.11.0"
        },
        "studio": "4.3.1",
        "web_api": {
            "env": "PROD",
            "version": "v3"
        }
    },
    "user_info": {
        "company": "Gcek",
        "email": "hemantkrishnan4@gmail.com",
        "first_name": "Hemant",
        "last_name": "Krishnan"
    }
}